{
    "$schema": "https://schema.management.azure.com/schemas/2015-01-01/deploymentParameters.json#",
    "contentVersion": "1.0.0.0",
    "parameters": {
        "location": {
            "value": "eastus"
        },
        "networkInterfaceName1": {
            "value": "az104-06-vm116_z1"
        },
        "networkSecurityGroupName": {
            "value": "az104-06-vm1-nsg"
        },
        "networkSecurityGroupRules": {
            "value": []
        },
        "subnetName": {
            "value": "Subnet1"
        },
        "virtualNetworkId": {
            "value": "/subscriptions/658b7aa8-6d79-4894-a694-a6e0220fdcae/resourceGroups/az104-06-rg1/providers/Microsoft.Network/virtualNetworks/az104-06-vnet01"
        },
        "virtualMachineName": {
            "value": "az104-06-vm1"
        },
        "virtualMachineName1": {
            "value": "az104-06-vm1"
        },
        "virtualMachineComputerName1": {
            "value": "az104-06-vm1"
        },
        "virtualMachineRG": {
            "value": "az104-06-rg1"
        },
        "osDiskType": {
            "value": "Premium_LRS"
        },
        "osDiskDeleteOption": {
            "value": "Delete"
        },
        "virtualMachineSize": {
            "value": "Standard_B1s"
        },
        "nicDeleteOption": {
            "value": "Detach"
        },
        "adminUsername": {
            "value": "akin3541"
        },
        "adminPassword": {
            "value": null
        },
        "zone": {
            "value": "1"
        }
    }
}