{
    "$schema": "https://schema.management.azure.com/schemas/2015-01-01/deploymentParameters.json#",
    "contentVersion": "1.0.0.0",
    "parameters": {
        "location": {
            "value": "eastus"
        },
        "networkInterfaceName1": {
            "value": "az104-06-vm2940_z1"
        },
        "networkSecurityGroupName": {
            "value": "az104-06-vm2-nsg"
        },
        "networkSecurityGroupRules": {
            "value": [
                {
                    "name": "SSH",
                    "properties": {
                        "priority": 300,
                        "protocol": "TCP",
                        "access": "Allow",
                        "direction": "Inbound",
                        "sourceAddressPrefix": "*",
                        "sourcePortRange": "*",
                        "destinationAddressPrefix": "*",
                        "destinationPortRange": "22"
                    }
                }
            ]
        },
        "subnetName": {
            "value": "subnet0"
        },
        "virtualNetworkName": {
            "value": "az104-06-vnet2"
        },
        "addressPrefixes": {
            "value": [
                "10.62.0.0/22"
            ]
        },
        "subnets": {
            "value": [
                {
                    "name": "subnet0",
                    "properties": {
                        "addressPrefix": "10.62.0.0/24"
                    }
                }
            ]
        },
        "virtualMachineName": {
            "value": "az104-06-vm2"
        },
        "virtualMachineName1": {
            "value": "az104-06-vm2"
        },
        "virtualMachineComputerName1": {
            "value": "az104-06-vm2"
        },
        "virtualMachineRG": {
            "value": "az104-06-rg1"
        },
        "osDiskType": {
            "value": "Premium_LRS"
        },
        "osDiskDeleteOption": {
            "value": "Delete"
        },
        "virtualMachineSize": {
            "value": "Standard_B1s"
        },
        "nicDeleteOption": {
            "value": "Detach"
        },
        "adminUsername": {
            "value": "akin3542"
        },
        "adminPassword": {
            "value": null
        },
        "zone": {
            "value": "1"
        }
    }
}