{
    "$schema": "https://schema.management.azure.com/schemas/2015-01-01/deploymentTemplate.json#",
    "contentVersion": "1.0.0.5",
    "parameters": {
        "name": {
            "type": "string"
        },
        "location": {
            "type": "string"
        },
        "tagsByResource": {
            "type": "object",
            "defaultValue": {},
            "metadata": {
                "description": "Optional tags provided by the user via createUiDefinition.json"
            }
        },
        "disableBgpRoutePropagation": {
            "type": "bool"
        }
    },
    "variables": {},
    "resources": [
        {
            "apiVersion": "2019-02-01",
            "type": "Microsoft.Network/routeTables",
            "name": "[parameters('name')]",
            "location": "[parameters('location')]",
            "tags": "[ if(contains(parameters('tagsByResource'), 'Microsoft.Network/routeTables'), parameters('tagsByResource')['Microsoft.Network/routeTables'], json('{}')) ]",
            "properties": {
                "disableBgpRoutePropagation": "[parameters('disableBgpRoutePropagation')]"
            }
        }
    ],
    "outputs": {}
}