{
    "$schema": "https://schema.management.azure.com/schemas/2015-01-01/deploymentParameters.json#",
    "contentVersion": "1.0.0.0",
    "parameters": {
        "location": {
            "value": "eastus"
        },
        "applicationGatewayName": {
            "value": "az104-06-appgw5"
        },
        "tier": {
            "value": "Standard_v2"
        },
        "skuSize": {
            "value": "Standard_v2"
        },
        "capacity": {
            "value": 2
        },
        "subnetName": {
            "value": "subnet-appgw"
        },
        "zones": {
            "value": []
        },
        "publicIpAddressName": {
            "value": "az104-06-pip5"
        },
        "sku": {
            "value": "Standard"
        },
        "allocationMethod": {
            "value": "Static"
        },
        "publicIpZones": {
            "value": []
        }
    }
}