{
    "$schema": "http://schema.management.azure.com/schemas/2015-01-01/deploymentTemplate.json#",
    "contentVersion": "1.0.0.0",
    "parameters": {
        "location": {
            "type": "string"
        },
        "applicationGatewayName": {
            "type": "string"
        },
        "tier": {
            "type": "string"
        },
        "skuSize": {
            "type": "string"
        },
        "capacity": {
            "type": "int",
            "defaultValue": 2
        },
        "subnetName": {
            "type": "string"
        },
        "zones": {
            "type": "array"
        },
        "publicIpAddressName": {
            "type": "string"
        },
        "sku": {
            "type": "string"
        },
        "allocationMethod": {
            "type": "string"
        },
        "publicIpZones": {
            "type": "array"
        }
    },
    "variables": {
        "vnetId": "/subscriptions/658b7aa8-6d79-4894-a694-a6e0220fdcae/resourceGroups/az104-06-rg1/providers/Microsoft.Network/virtualNetworks/az104-06-vnet01",
        "publicIPRef": "[resourceId('Microsoft.Network/publicIPAddresses/', parameters('publicIpAddressName'))]",
        "subnetRef": "[concat(variables('vnetId'), '/subnets/', parameters('subnetName'))]",
        "applicationGatewayId": "[resourceId('Microsoft.Network/applicationGateways', parameters('applicationGatewayName'))]"
    },
    "resources": [
        {
            "name": "[parameters('applicationGatewayName')]",
            "type": "Microsoft.Network/applicationGateways",
            "apiVersion": "2021-08-01",
            "location": "[parameters('location')]",
            "zones": "[parameters('zones')]",
            "dependsOn": [
                "[concat('Microsoft.Network/publicIPAddresses/', parameters('publicIpAddressName'))]"
            ],
            "tags": {},
            "properties": {
                "sku": {
                    "name": "[parameters('skuSize')]",
                    "tier": "[parameters('tier')]",
                    "capacity": "[parameters('capacity')]"
                },
                "gatewayIPConfigurations": [
                    {
                        "name": "appGatewayIpConfig",
                        "properties": {
                            "subnet": {
                                "id": "[variables('subnetRef')]"
                            }
                        }
                    }
                ],
                "frontendIPConfigurations": [
                    {
                        "name": "appGwPublicFrontendIp",
                        "properties": {
                            "PublicIPAddress": {
                                "id": "[variables('publicIPRef')]"
                            }
                        }
                    }
                ],
                "frontendPorts": [
                    {
                        "name": "port_80",
                        "properties": {
                            "Port": 80
                        }
                    }
                ],
                "backendAddressPools": [
                    {
                        "name": "az104-06-bepool1",
                        "properties": {
                            "backendAddresses": [
                                {
                                    "ipAddress": "10.62.0.4",
                                    "fqdn": null
                                },
                                {
                                    "ipAddress": "10.63.0.4",
                                    "fqdn": null
                                }
                            ]
                        }
                    }
                ],
                "backendHttpSettingsCollection": [
                    {
                        "name": "besetting1",
                        "properties": {
                            "Port": 80,
                            "Protocol": "Http",
                            "cookieBasedAffinity": "Disabled",
                            "requestTimeout": 20
                        }
                    }
                ],
                "backendSettingsCollection": [],
                "httpListeners": [
                    {
                        "name": "rule1_listener",
                        "properties": {
                            "frontendIPConfiguration": {
                                "id": "[concat(variables('applicationGatewayId'), '/frontendIPConfigurations/appGwPublicFrontendIp')]"
                            },
                            "frontendPort": {
                                "id": "[concat(variables('applicationGatewayId'), '/frontendPorts/port_80')]"
                            },
                            "protocol": "Http",
                            "sslCertificate": null
                        }
                    }
                ],
                "listeners": [],
                "requestRoutingRules": [
                    {
                        "Name": "rule1",
                        "properties": {
                            "RuleType": "Basic",
                            "httpListener": {
                                "id": "[concat(variables('applicationGatewayId'), '/httpListeners/rule1_listener')]"
                            },
                            "priority": 1,
                            "backendAddressPool": {
                                "id": "[concat(variables('applicationGatewayId'), '/backendAddressPools/az104-06-bepool1')]"
                            },
                            "backendHttpSettings": {
                                "id": "[concat(variables('applicationGatewayId'), '/backendHttpSettingsCollection/besetting1')]"
                            }
                        }
                    }
                ],
                "routingRules": [],
                "enableHttp2": false,
                "sslCertificates": [],
                "probes": []
            }
        },
        {
            "apiVersion": "2020-08-01",
            "type": "Microsoft.Network/publicIPAddresses",
            "name": "[parameters('publicIpAddressName')]",
            "location": "[parameters('location')]",
            "sku": {
                "name": "[parameters('sku')]"
            },
            "zones": "[parameters('publicIpZones')]",
            "properties": {
                "publicIPAllocationMethod": "[parameters('allocationMethod')]"
            }
        }
    ]
}