{
    "name": "az104-06-vnet01",
    "id": "/subscriptions/658b7aa8-6d79-4894-a694-a6e0220fdcae/resourceGroups/az104-06-rg1/providers/Microsoft.Network/virtualNetworks/az104-06-vnet01",
    "etag": "W/\"87a44d04-3859-430e-bdaf-74afaaf756dd\"",
    "type": "Microsoft.Network/virtualNetworks",
    "location": "eastus",
    "properties": {
        "provisioningState": "Succeeded",
        "resourceGuid": "be0dbcbb-b906-4de9-a817-afdba7ff9d16",
        "addressSpace": {
            "addressPrefixes": [
                "10.60.0.0/22"
            ]
        },
        "subnets": [
            {
                "name": "Subnet0",
                "id": "/subscriptions/658b7aa8-6d79-4894-a694-a6e0220fdcae/resourceGroups/az104-06-rg1/providers/Microsoft.Network/virtualNetworks/az104-06-vnet01/subnets/Subnet0",
                "etag": "W/\"87a44d04-3859-430e-bdaf-74afaaf756dd\"",
                "properties": {
                    "provisioningState": "Succeeded",
                    "addressPrefix": "10.60.0.0/24",
                    "ipConfigurations": [
                        {
                            "id": "/subscriptions/658b7aa8-6d79-4894-a694-a6e0220fdcae/resourceGroups/az104-06-rg1/providers/Microsoft.Network/networkInterfaces/az104-06-vm0155_z1/ipConfigurations/ipconfig1"
                        }
                    ]
                },
                "type": "Microsoft.Network/virtualNetworks/subnets"
            },
            {
                "name": "Subnet1",
                "id": "/subscriptions/658b7aa8-6d79-4894-a694-a6e0220fdcae/resourceGroups/az104-06-rg1/providers/Microsoft.Network/virtualNetworks/az104-06-vnet01/subnets/Subnet1",
                "etag": "W/\"87a44d04-3859-430e-bdaf-74afaaf756dd\"",
                "properties": {
                    "provisioningState": "Succeeded",
                    "addressPrefix": "10.60.1.0/24",
                    "ipConfigurations": [
                        {
                            "id": "/subscriptions/658b7aa8-6d79-4894-a694-a6e0220fdcae/resourceGroups/az104-06-rg1/providers/Microsoft.Network/networkInterfaces/az104-06-vm1820_z1/ipConfigurations/ipconfig1"
                        }
                    ]
                },
                "type": "Microsoft.Network/virtualNetworks/subnets"
            },
            {
                "name": "subnet-appgw",
                "id": "/subscriptions/658b7aa8-6d79-4894-a694-a6e0220fdcae/resourceGroups/az104-06-rg1/providers/Microsoft.Network/virtualNetworks/az104-06-vnet01/subnets/subnet-appgw",
                "etag": "W/\"87a44d04-3859-430e-bdaf-74afaaf756dd\"",
                "properties": {
                    "provisioningState": "Succeeded",
                    "addressPrefix": "10.60.3.224/27",
                    "applicationGatewayIPConfigurations": [
                        {
                            "id": "/subscriptions/658b7aa8-6d79-4894-a694-a6e0220fdcae/resourceGroups/az104-06-rg5/providers/Microsoft.Network/applicationGateways/az104-06-appgw5/gatewayIPConfigurations/appGatewayIpConfig"
                        }
                    ]
                },
                "type": "Microsoft.Network/virtualNetworks/subnets"
            }
        ]
    }
}