{
    "name": "az104-06-vnet2",
    "id": "/subscriptions/658b7aa8-6d79-4894-a694-a6e0220fdcae/resourceGroups/az104-06-rg1/providers/Microsoft.Network/virtualNetworks/az104-06-vnet2",
    "etag": "W/\"8c9bd96d-44e7-4920-9ed8-7ab85358beff\"",
    "type": "Microsoft.Network/virtualNetworks",
    "location": "eastus",
    "properties": {
        "provisioningState": "Succeeded",
        "resourceGuid": "ff238b6d-13a3-4ee2-b9b0-cf56d92fa43c",
        "addressSpace": {
            "addressPrefixes": [
                "10.62.0.0/22"
            ]
        },
        "subnets": [
            {
                "name": "subnet0",
                "id": "/subscriptions/658b7aa8-6d79-4894-a694-a6e0220fdcae/resourceGroups/az104-06-rg1/providers/Microsoft.Network/virtualNetworks/az104-06-vnet2/subnets/subnet0",
                "etag": "W/\"8c9bd96d-44e7-4920-9ed8-7ab85358beff\"",
                "properties": {
                    "provisioningState": "Succeeded",
                    "addressPrefix": "10.62.0.0/24",
                    "routeTable": {
                        "id": "/subscriptions/658b7aa8-6d79-4894-a694-a6e0220fdcae/resourceGroups/az104-06-rg1/providers/Microsoft.Network/routeTables/az104-06-rt23"
                    },
                    "ipConfigurations": [
                        {
                            "id": "/subscriptions/658b7aa8-6d79-4894-a694-a6e0220fdcae/resourceGroups/az104-06-rg1/providers/Microsoft.Network/networkInterfaces/az104-06-vm2580_z1/ipConfigurations/ipconfig1"
                        }
                    ]
                },
                "type": "Microsoft.Network/virtualNetworks/subnets"
            }
        ]
    }
}