{
    "name": "az104-06-vnet3",
    "id": "/subscriptions/658b7aa8-6d79-4894-a694-a6e0220fdcae/resourceGroups/az104-06-rg1/providers/Microsoft.Network/virtualNetworks/az104-06-vnet3",
    "etag": "W/\"230010f4-38f6-4405-ade5-050ba62a16c1\"",
    "type": "Microsoft.Network/virtualNetworks",
    "location": "eastus",
    "properties": {
        "provisioningState": "Succeeded",
        "resourceGuid": "d66f0de2-5a6a-4d54-ae65-3a99c1f15eb8",
        "addressSpace": {
            "addressPrefixes": [
                "10.63.0.0/22"
            ]
        },
        "subnets": [
            {
                "name": "Subnet0",
                "id": "/subscriptions/658b7aa8-6d79-4894-a694-a6e0220fdcae/resourceGroups/az104-06-rg1/providers/Microsoft.Network/virtualNetworks/az104-06-vnet3/subnets/Subnet0",
                "etag": "W/\"230010f4-38f6-4405-ade5-050ba62a16c1\"",
                "properties": {
                    "provisioningState": "Succeeded",
                    "addressPrefix": "10.63.0.0/24",
                    "routeTable": {
                        "id": "/subscriptions/658b7aa8-6d79-4894-a694-a6e0220fdcae/resourceGroups/az104-06-rg1/providers/Microsoft.Network/routeTables/az104-06-rt32"
                    },
                    "ipConfigurations": [
                        {
                            "id": "/subscriptions/658b7aa8-6d79-4894-a694-a6e0220fdcae/resourceGroups/az104-06-rg1/providers/Microsoft.Network/networkInterfaces/az104-06-vm3467_z1/ipConfigurations/ipconfig1"
                        }
                    ]
                },
                "type": "Microsoft.Network/virtualNetworks/subnets"
            }
        ]
    }
}