{
    "$schema": "http://schema.management.azure.com/schemas/2015-01-01/deploymentTemplate.json#",
    "contentVersion": "1.0.0.0",
    "parameters": {
        "name": {
            "type": "string"
        },
        "location": {
            "type": "string"
        },
        "sku": {
            "type": "string"
        },
        "tier": {
            "type": "string"
        }
    },
    "resources": [
        {
            "apiVersion": "2021-05-01",
            "name": "[parameters('name')]",
            "type": "Microsoft.Network/loadBalancers",
            "location": "[parameters('location')]",
            "dependsOn": [],
            "tags": {},
            "properties": {
                "frontendIPConfigurations": [
                    {
                        "name": "vm0-vm1",
                        "properties": {
                            "privateIPAddress": null,
                            "privateIPAddressVersion": "IPv4",
                            "privateIPAllocationMethod": "Dynamic",
                            "subnet": {
                                "id": "/subscriptions/658b7aa8-6d79-4894-a694-a6e0220fdcae/resourceGroups/az104-06-rg1/providers/Microsoft.Network/virtualNetworks/az104-06-rg1-vnet01/subnets/Subnet0"
                            }
                        },
                        "zones": [
                            "1",
                            "3",
                            "2"
                        ]
                    },
                    {
                        "name": "vm1-vm0",
                        "properties": {
                            "privateIPAddress": null,
                            "privateIPAddressVersion": "IPv4",
                            "privateIPAllocationMethod": "Dynamic",
                            "subnet": {
                                "id": "/subscriptions/658b7aa8-6d79-4894-a694-a6e0220fdcae/resourceGroups/az104-06-rg1/providers/Microsoft.Network/virtualNetworks/az104-06-rg1-vnet01/subnets/Subnet1"
                            }
                        },
                        "zones": [
                            "1",
                            "3",
                            "2"
                        ]
                    }
                ],
                "backendAddressPools": [
                    {
                        "name": "subnetlerden"
                    }
                ],
                "probes": [],
                "loadBalancingRules": [],
                "inboundNatRules": [],
                "outboundRules": []
            },
            "sku": {
                "name": "[parameters('sku')]",
                "tier": "[parameters('tier')]"
            }
        },
        {
            "apiVersion": "2017-05-10",
            "type": "Microsoft.Resources/deployments",
            "name": "NicUpdate-1baaf39c-bec8-4d0e-99bd-3b9a1abbee39-20221102132715",
            "resourceGroup": "az104-06-rg1",
            "dependsOn": [
                "Microsoft.Network/loadBalancers/az104-06-lb4"
            ],
            "properties": {
                "expressionEvaluationOptions": {
                    "scope": "inner"
                },
                "mode": "Incremental",
                "parameters": {},
                "template": {
                    "$schema": "http://schema.management.azure.com/schemas/2015-01-01/deploymentTemplate.json#",
                    "contentVersion": "1.0.0.0",
                    "parameters": {},
                    "variables": {},
                    "resources": [
                        {
                            "apiVersion": "2021-08-01",
                            "type": "Microsoft.Network/networkInterfaces",
                            "name": "az104-06-vm0560_z1",
                            "location": "eastus",
                            "properties": {
                                "provisioningState": "Succeeded",
                                "resourceGuid": "98121f79-c0ec-454c-acc0-9d009f2475df",
                                "ipConfigurations": [
                                    {
                                        "name": "ipconfig1",
                                        "id": "/subscriptions/658b7aa8-6d79-4894-a694-a6e0220fdcae/resourceGroups/az104-06-rg1/providers/Microsoft.Network/networkInterfaces/az104-06-vm0560_z1/ipConfigurations/ipconfig1",
                                        "etag": "W/\"e602f1d5-ca69-49a8-86a1-69807825228a\"",
                                        "type": "Microsoft.Network/networkInterfaces/ipConfigurations",
                                        "properties": {
                                            "provisioningState": "Succeeded",
                                            "privateIPAddress": "10.60.0.4",
                                            "privateIPAllocationMethod": "Dynamic",
                                            "publicIPAddress": {
                                                "name": "az104-06-vm0-ip",
                                                "id": "/subscriptions/658b7aa8-6d79-4894-a694-a6e0220fdcae/resourceGroups/az104-06-rg1/providers/Microsoft.Network/publicIPAddresses/az104-06-vm0-ip",
                                                "properties": {
                                                    "provisioningState": "Succeeded",
                                                    "resourceGuid": "cf7b96ef-f235-4d73-80e1-0c920e498491",
                                                    "publicIPAddressVersion": "IPv4",
                                                    "publicIPAllocationMethod": "Dynamic",
                                                    "idleTimeoutInMinutes": 4,
                                                    "ipTags": [],
                                                    "ipConfiguration": {
                                                        "id": "/subscriptions/658b7aa8-6d79-4894-a694-a6e0220fdcae/resourceGroups/az104-06-rg1/providers/Microsoft.Network/networkInterfaces/az104-06-vm0560_z1/ipConfigurations/ipconfig1"
                                                    },
                                                    "deleteOption": "Detach"
                                                },
                                                "type": "Microsoft.Network/publicIPAddresses",
                                                "sku": {
                                                    "name": "Basic",
                                                    "tier": "Regional"
                                                }
                                            },
                                            "subnet": {
                                                "id": "/subscriptions/658b7aa8-6d79-4894-a694-a6e0220fdcae/resourceGroups/az104-06-rg1/providers/Microsoft.Network/virtualNetworks/az104-06-rg1-vnet01/subnets/Subnet0"
                                            },
                                            "primary": true,
                                            "privateIPAddressVersion": "IPv4",
                                            "loadBalancerBackendAddressPools": [
                                                {
                                                    "id": "/subscriptions/658b7aa8-6d79-4894-a694-a6e0220fdcae/resourcegroups/az104-06-rg4/providers/Microsoft.Network/loadBalancers/az104-06-lb4/backendAddressPools/subnetlerden"
                                                }
                                            ],
                                            "loadBalancerInboundNatRules": []
                                        }
                                    }
                                ],
                                "dnsSettings": {
                                    "dnsServers": [],
                                    "appliedDnsServers": [],
                                    "internalDomainNameSuffix": "rlbytlo1sble1kbjmlk23zydha.bx.internal.cloudapp.net"
                                },
                                "macAddress": "00-0D-3A-10-6E-82",
                                "enableAcceleratedNetworking": false,
                                "vnetEncryptionSupported": false,
                                "enableIPForwarding": false,
                                "networkSecurityGroup": {
                                    "id": "/subscriptions/658b7aa8-6d79-4894-a694-a6e0220fdcae/resourceGroups/az104-06-rg1/providers/Microsoft.Network/networkSecurityGroups/az104-06-vm0-nsg"
                                },
                                "primary": true,
                                "virtualMachine": {
                                    "id": "/subscriptions/658b7aa8-6d79-4894-a694-a6e0220fdcae/resourceGroups/az104-06-rg1/providers/Microsoft.Compute/virtualMachines/az104-06-vm0"
                                },
                                "hostedWorkloads": [],
                                "tapConfigurations": [],
                                "nicType": "Standard"
                            },
                            "tags": {}
                        }
                    ],
                    "outputs": {}
                }
            }
        },
        {
            "apiVersion": "2017-05-10",
            "type": "Microsoft.Resources/deployments",
            "name": "NicUpdate-deef3076-d80d-48e0-a7ef-7cf7c0d1b08a-20221102132715",
            "resourceGroup": "az104-06-rg1",
            "dependsOn": [
                "Microsoft.Network/loadBalancers/az104-06-lb4"
            ],
            "properties": {
                "expressionEvaluationOptions": {
                    "scope": "inner"
                },
                "mode": "Incremental",
                "parameters": {},
                "template": {
                    "$schema": "http://schema.management.azure.com/schemas/2015-01-01/deploymentTemplate.json#",
                    "contentVersion": "1.0.0.0",
                    "parameters": {},
                    "variables": {},
                    "resources": [
                        {
                            "apiVersion": "2021-08-01",
                            "type": "Microsoft.Network/networkInterfaces",
                            "name": "az104-06-vm1823_z1",
                            "location": "eastus",
                            "properties": {
                                "provisioningState": "Succeeded",
                                "resourceGuid": "43ff0687-fc9d-468e-b406-ca53fe394e85",
                                "ipConfigurations": [
                                    {
                                        "name": "ipconfig1",
                                        "id": "/subscriptions/658b7aa8-6d79-4894-a694-a6e0220fdcae/resourceGroups/az104-06-rg1/providers/Microsoft.Network/networkInterfaces/az104-06-vm1823_z1/ipConfigurations/ipconfig1",
                                        "etag": "W/\"8bd7014a-053a-40c5-bcb0-091e717c6788\"",
                                        "type": "Microsoft.Network/networkInterfaces/ipConfigurations",
                                        "properties": {
                                            "provisioningState": "Succeeded",
                                            "privateIPAddress": "10.60.1.4",
                                            "privateIPAllocationMethod": "Dynamic",
                                            "publicIPAddress": {
                                                "name": "az104-06-vm1-ip",
                                                "id": "/subscriptions/658b7aa8-6d79-4894-a694-a6e0220fdcae/resourceGroups/az104-06-rg1/providers/Microsoft.Network/publicIPAddresses/az104-06-vm1-ip",
                                                "properties": {
                                                    "provisioningState": "Succeeded",
                                                    "resourceGuid": "d9e2b80e-0b80-47d6-a3d5-8e84ff938894",
                                                    "publicIPAddressVersion": "IPv4",
                                                    "publicIPAllocationMethod": "Dynamic",
                                                    "idleTimeoutInMinutes": 4,
                                                    "ipTags": [],
                                                    "ipConfiguration": {
                                                        "id": "/subscriptions/658b7aa8-6d79-4894-a694-a6e0220fdcae/resourceGroups/az104-06-rg1/providers/Microsoft.Network/networkInterfaces/az104-06-vm1823_z1/ipConfigurations/ipconfig1"
                                                    },
                                                    "deleteOption": "Detach"
                                                },
                                                "type": "Microsoft.Network/publicIPAddresses",
                                                "sku": {
                                                    "name": "Basic",
                                                    "tier": "Regional"
                                                }
                                            },
                                            "subnet": {
                                                "id": "/subscriptions/658b7aa8-6d79-4894-a694-a6e0220fdcae/resourceGroups/az104-06-rg1/providers/Microsoft.Network/virtualNetworks/az104-06-rg1-vnet01/subnets/Subnet1"
                                            },
                                            "primary": true,
                                            "privateIPAddressVersion": "IPv4",
                                            "loadBalancerBackendAddressPools": [
                                                {
                                                    "id": "/subscriptions/658b7aa8-6d79-4894-a694-a6e0220fdcae/resourcegroups/az104-06-rg4/providers/Microsoft.Network/loadBalancers/az104-06-lb4/backendAddressPools/subnetlerden"
                                                }
                                            ],
                                            "loadBalancerInboundNatRules": []
                                        }
                                    }
                                ],
                                "dnsSettings": {
                                    "dnsServers": [],
                                    "appliedDnsServers": [],
                                    "internalDomainNameSuffix": "rlbytlo1sble1kbjmlk23zydha.bx.internal.cloudapp.net"
                                },
                                "macAddress": "00-0D-3A-12-31-50",
                                "enableAcceleratedNetworking": false,
                                "vnetEncryptionSupported": false,
                                "enableIPForwarding": false,
                                "networkSecurityGroup": {
                                    "id": "/subscriptions/658b7aa8-6d79-4894-a694-a6e0220fdcae/resourceGroups/az104-06-rg1/providers/Microsoft.Network/networkSecurityGroups/az104-06-vm1-nsg"
                                },
                                "primary": true,
                                "virtualMachine": {
                                    "id": "/subscriptions/658b7aa8-6d79-4894-a694-a6e0220fdcae/resourceGroups/az104-06-rg1/providers/Microsoft.Compute/virtualMachines/az104-06-vm1"
                                },
                                "hostedWorkloads": [],
                                "tapConfigurations": [],
                                "nicType": "Standard"
                            },
                            "tags": {}
                        }
                    ],
                    "outputs": {}
                }
            }
        }
    ]
}