{
    "$schema": "http://schema.management.azure.com/schemas/2015-01-01/deploymentTemplate.json#",
    "contentVersion": "1.0.0.0",
    "parameters": {
        "name": {
            "type": "String"
        },
        "location": {
            "type": "String"
        },
        "sku": {
            "type": "String"
        },
        "tier": {
            "type": "String"
        }
    },
    "resources": [
        {
            "type": "Microsoft.Network/loadBalancers",
            "apiVersion": "2021-05-01",
            "name": "[parameters('name')]",
            "location": "[parameters('location')]",
            "dependsOn": [],
            "tags": {},
            "sku": {
                "name": "[parameters('sku')]",
                "tier": "[parameters('tier')]"
            },
            "properties": {
                "frontendIPConfigurations": [
                    {
                        "name": "az104-06-pip4",
                        "properties": {
                            "publicIPAddress": {
                                "id": "/subscriptions/658b7aa8-6d79-4894-a694-a6e0220fdcae/resourceGroups/az104-06-rg4/providers/Microsoft.Network/publicIPAddresses/az104-06-pip4"
                            }
                        }
                    }
                ],
                "backendAddressPools": [
                    {
                        "name": "az104-06-bepool"
                    }
                ],
                "probes": [
                    {
                        "name": "helthb1",
                        "properties": {
                            "protocol": "Tcp",
                            "port": 80,
                            "requestPath": null,
                            "intervalInSeconds": 5,
                            "numberOfProbes": 1
                        }
                    }
                ],
                "loadBalancingRules": [
                    {
                        "name": "az104-lbrule",
                        "properties": {
                            "frontendIPConfiguration": {
                                "id": "/subscriptions/658b7aa8-6d79-4894-a694-a6e0220fdcae/resourceGroups/az104-06-rg4/providers/Microsoft.Network/loadBalancers/az104-06-lb4/frontendIPConfigurations/az104-06-pip4"
                            },
                            "frontendPort": 80,
                            "backendPort": 80,
                            "enableFloatingIP": false,
                            "idleTimeoutInMinutes": 4,
                            "protocol": "TCP",
                            "loadDistribution": "Default",
                            "probe": {
                                "id": "/subscriptions/658b7aa8-6d79-4894-a694-a6e0220fdcae/resourceGroups/az104-06-rg4/providers/Microsoft.Network/loadBalancers/az104-06-lb4/probes/helthb1"
                            },
                            "disableOutboundSnat": true,
                            "enableTcpReset": false,
                            "backendAddressPools": [
                                {
                                    "id": "/subscriptions/658b7aa8-6d79-4894-a694-a6e0220fdcae/resourceGroups/az104-06-rg4/providers/Microsoft.Network/loadBalancers/az104-06-lb4/backendAddressPools/az104-06-bepool"
                                }
                            ]
                        }
                    }
                ],
                "inboundNatRules": [],
                "outboundRules": []
            }
        },
        {
            "type": "Microsoft.Resources/deployments",
            "apiVersion": "2017-05-10",
            "name": "NicUpdate-20147c27-c78e-4e39-bae5-e1f502756b53-20221102220717",
            "dependsOn": [
                "Microsoft.Network/loadBalancers/az104-06-lb4"
            ],
            "properties": {
                "expressionEvaluationOptions": {
                    "scope": "inner"
                },
                "mode": "Incremental",
                "parameters": {},
                "template": {
                    "$schema": "http://schema.management.azure.com/schemas/2015-01-01/deploymentTemplate.json#",
                    "contentVersion": "1.0.0.0",
                    "parameters": {},
                    "variables": {},
                    "resources": [
                        {
                            "apiVersion": "2021-08-01",
                            "type": "Microsoft.Network/networkInterfaces",
                            "name": "az104-06-vm0155_z1",
                            "location": "eastus",
                            "properties": {
                                "provisioningState": "Succeeded",
                                "resourceGuid": "b1702307-de26-4aa0-ab4c-10daa7d7e74a",
                                "ipConfigurations": [
                                    {
                                        "name": "ipconfig1",
                                        "id": "/subscriptions/658b7aa8-6d79-4894-a694-a6e0220fdcae/resourceGroups/az104-06-rg1/providers/Microsoft.Network/networkInterfaces/az104-06-vm0155_z1/ipConfigurations/ipconfig1",
                                        "etag": "W/\"f46d0dc9-1097-43e9-9829-2a1fb68dc538\"",
                                        "type": "Microsoft.Network/networkInterfaces/ipConfigurations",
                                        "properties": {
                                            "provisioningState": "Succeeded",
                                            "privateIPAddress": "10.60.0.4",
                                            "privateIPAllocationMethod": "Dynamic",
                                            "subnet": {
                                                "id": "/subscriptions/658b7aa8-6d79-4894-a694-a6e0220fdcae/resourceGroups/az104-06-rg1/providers/Microsoft.Network/virtualNetworks/az104-06-vnet01/subnets/Subnet0"
                                            },
                                            "primary": true,
                                            "privateIPAddressVersion": "IPv4",
                                            "loadBalancerBackendAddressPools": [
                                                {
                                                    "id": "/subscriptions/658b7aa8-6d79-4894-a694-a6e0220fdcae/resourcegroups/az104-06-rg4/providers/Microsoft.Network/loadBalancers/az104-06-lb4/backendAddressPools/az104-06-bepool"
                                                }
                                            ],
                                            "loadBalancerInboundNatRules": []
                                        }
                                    }
                                ],
                                "dnsSettings": {
                                    "dnsServers": [],
                                    "appliedDnsServers": [],
                                    "internalDomainNameSuffix": "xo4a1pqgxhuu1kaxv5n0p523cg.bx.internal.cloudapp.net"
                                },
                                "macAddress": "00-22-48-2B-1B-95",
                                "enableAcceleratedNetworking": false,
                                "vnetEncryptionSupported": false,
                                "enableIPForwarding": true,
                                "networkSecurityGroup": {
                                    "id": "/subscriptions/658b7aa8-6d79-4894-a694-a6e0220fdcae/resourceGroups/az104-06-rg1/providers/Microsoft.Network/networkSecurityGroups/az104-06-vm0-nsg"
                                },
                                "primary": true,
                                "virtualMachine": {
                                    "id": "/subscriptions/658b7aa8-6d79-4894-a694-a6e0220fdcae/resourceGroups/az104-06-rg1/providers/Microsoft.Compute/virtualMachines/az104-06-vm0"
                                },
                                "hostedWorkloads": [],
                                "tapConfigurations": [],
                                "nicType": "Standard"
                            },
                            "tags": {}
                        }
                    ],
                    "outputs": {}
                }
            },
            "resourceGroup": "az104-06-rg1"
        },
        {
            "type": "Microsoft.Resources/deployments",
            "apiVersion": "2017-05-10",
            "name": "NicUpdate-25dc1346-57c5-49c7-9a61-8d47e61702b1-20221102220717",
            "dependsOn": [
                "Microsoft.Network/loadBalancers/az104-06-lb4"
            ],
            "properties": {
                "expressionEvaluationOptions": {
                    "scope": "inner"
                },
                "mode": "Incremental",
                "parameters": {},
                "template": {
                    "$schema": "http://schema.management.azure.com/schemas/2015-01-01/deploymentTemplate.json#",
                    "contentVersion": "1.0.0.0",
                    "parameters": {},
                    "variables": {},
                    "resources": [
                        {
                            "apiVersion": "2021-08-01",
                            "type": "Microsoft.Network/networkInterfaces",
                            "name": "az104-06-vm1820_z1",
                            "location": "eastus",
                            "properties": {
                                "provisioningState": "Succeeded",
                                "resourceGuid": "d1cf80cc-d6d9-4b44-a9cd-425715c73847",
                                "ipConfigurations": [
                                    {
                                        "name": "ipconfig1",
                                        "id": "/subscriptions/658b7aa8-6d79-4894-a694-a6e0220fdcae/resourceGroups/az104-06-rg1/providers/Microsoft.Network/networkInterfaces/az104-06-vm1820_z1/ipConfigurations/ipconfig1",
                                        "etag": "W/\"07bf1cb7-dd09-4a5e-a18f-6f25b52fee68\"",
                                        "type": "Microsoft.Network/networkInterfaces/ipConfigurations",
                                        "properties": {
                                            "provisioningState": "Succeeded",
                                            "privateIPAddress": "10.60.1.4",
                                            "privateIPAllocationMethod": "Dynamic",
                                            "subnet": {
                                                "id": "/subscriptions/658b7aa8-6d79-4894-a694-a6e0220fdcae/resourceGroups/az104-06-rg1/providers/Microsoft.Network/virtualNetworks/az104-06-vnet01/subnets/Subnet1"
                                            },
                                            "primary": true,
                                            "privateIPAddressVersion": "IPv4",
                                            "loadBalancerBackendAddressPools": [
                                                {
                                                    "id": "/subscriptions/658b7aa8-6d79-4894-a694-a6e0220fdcae/resourcegroups/az104-06-rg4/providers/Microsoft.Network/loadBalancers/az104-06-lb4/backendAddressPools/az104-06-bepool"
                                                }
                                            ],
                                            "loadBalancerInboundNatRules": []
                                        }
                                    }
                                ],
                                "dnsSettings": {
                                    "dnsServers": [],
                                    "appliedDnsServers": [],
                                    "internalDomainNameSuffix": "xo4a1pqgxhuu1kaxv5n0p523cg.bx.internal.cloudapp.net"
                                },
                                "macAddress": "00-0D-3A-4E-4A-43",
                                "enableAcceleratedNetworking": false,
                                "vnetEncryptionSupported": false,
                                "enableIPForwarding": false,
                                "networkSecurityGroup": {
                                    "id": "/subscriptions/658b7aa8-6d79-4894-a694-a6e0220fdcae/resourceGroups/az104-06-rg1/providers/Microsoft.Network/networkSecurityGroups/az104-06-vm1-nsg"
                                },
                                "primary": true,
                                "virtualMachine": {
                                    "id": "/subscriptions/658b7aa8-6d79-4894-a694-a6e0220fdcae/resourceGroups/az104-06-rg1/providers/Microsoft.Compute/virtualMachines/az104-06-vm1"
                                },
                                "hostedWorkloads": [],
                                "tapConfigurations": [],
                                "nicType": "Standard"
                            },
                            "tags": {}
                        }
                    ],
                    "outputs": {}
                }
            },
            "resourceGroup": "az104-06-rg1"
        }
    ]
}